{"learner":{"attributes":{},"feature_names":[],"feature_types":[],"gradient_booster":{"model":{"gbtree_model_param":{"num_parallel_tree":"1","num_trees":"15"},"iteration_indptr":[0,3,6,9,12,15],"tree_info":[0,1,2,0,1,2,0,1,2,0,1,2,0,1,2],"trees":[{"base_weights":[-4.4042842E-8,4.30622E-1,-2.2004892E-1],"categories":[],"categories_nodes":[],"categories_segments":[],"categories_sizes":[],"default_left":[0,0,0],"id":0,"left_children":[1,-1,-1],"loss_changes":[7.229677E1,0E0,0E0],"parents":[2147483647,0,0],"right_children":[2,-1,-1],"split_conditions":[3E0,4.30622E-1,-2.2004892E-1],"split_indices":[2,0,0],"split_type":[0,0,0],"sum_hessian":[6.6666664E1,2.2222221E1,4.4444443E1],"tree_param":{"num_deleted":"0","num_feature":"4","num_nodes":"3","size_leaf_vector":"1"}},{"base_weights":[-4.4042842E-8,-2.1531104E-1,3.6674812E-1,1.24E0,-6.6839385E-1,1.3880597E0,-3.2511625E-8,-7.663455E-9,-2.1381217E-1,4.2857146E-1,1.2857142E-1,-1.2857145E-1,1.2857142E-1],"categories":[],"categories_nodes":[],"categories_segments":[],"categories_sizes":[],"default_left":[0,0,0,0,0,0,0,0,0,0,0,0,0],"id":1,"left_children":[1,-1,3,5,7,9,11,-1,-1,-1,-1,-1,-1],"loss_changes":[1.8074192E1,0E0,4.190784E1,4.5898476E0,6.351576E-1,2.558632E-1,8.5714287E-1,0E0,0E0,0E0,0E0,0E0,0E0],"parents":[2147483647,0,0,2,2,3,3,4,4,5,5,6,6],"right_children":[2,-1,4,6,8,10,12,-1,-1,-1,-1,-1,-1],"split_conditions":[3E0,-2.1531104E-1,1.8E0,5E0,4.9E0,1.6E0,1.6E0,-7.663455E-9,-2.1381217E-1,4.2857146E-1,1.2857142E-1,-1.2857145E-1,1.2857142E-1],"split_indices":[2,0,3,2,2,3,3,0,0,0,0,0,0],"split_type":[0,0,0,0,0,0,0,0,0,0,0,0,0],"sum_hessian":[6.6666664E1,2.2222221E1,4.4444443E1,2.3999998E1,2.0444443E1,2.1333332E1,2.6666665E0,1.3333333E0,1.911111E1,1.9999998E1,1.3333333E0,1.3333333E0,1.3333333E0],"tree_param":{"num_deleted":"0","num_feature":"4","num_nodes":"13","size_leaf_vector":"1"}},{"base_weights":[-4.4042842E-8,-6.474821E-1,4.0298507E-1,-2.1989927E-1,2.1724138E-1],"categories":[],"categories_nodes":[],"categories_segments":[],"categories_sizes":[],"default_left":[0,0,0,0,0],"id":2,"left_children":[1,3,-1,-1,-1],"loss_changes":[5.9722965E1,5.9654484E0,0E0,0E0,0E0],"parents":[2147483647,0,0,1,1],"right_children":[2,4,-1,-1,-1],"split_conditions":[1.7E0,5E0,4.0298507E-1,-2.1989927E-1,2.1724138E-1],"split_indices":[3,2,0,0,0],"split_type":[0,0,0,0,0],"sum_hessian":[6.6666664E1,4.5333332E1,2.1333332E1,4.3111107E1,2.222222E0],"tree_param":{"num_deleted":"0","num_feature":"4","num_nodes":"5","size_leaf_vector":"1"}},{"base_weights":[-2.4456056E-3,2.9508278E-1,-1.9683747E-1],"categories":[],"categories_nodes":[],"categories_segments":[],"categories_sizes":[],"default_left":[0,0,0],"id":3,"left_children":[1,-1,-1],"loss_changes":[4.2016575E1,0E0,0E0],"parents":[2147483647,0,0],"right_children":[2,-1,-1],"split_conditions":[3E0,2.9508278E-1,-1.9683747E-1],"split_indices":[2,0,0],"split_type":[0,0,0],"sum_hessian":[6.3184826E1,2.4987392E1,3.8197433E1],"tree_param":{"num_deleted":"0","num_feature":"4","num_nodes":"3","size_leaf_vector":"1"}},{"base_weights":[-6.3496394E-5,-1.9161221E-1,2.824561E-1,8.680481E-1,-5.8938694E-1,2.872154E-1,1.4427034E-2,1.1982666E-2,-1.9113852E-1,-1.1965539E-1,1.21238194E-1],"categories":[],"categories_nodes":[],"categories_segments":[],"categories_sizes":[],"default_left":[0,0,0,0,0,0,0,0,0,0,0],"id":4,"left_children":[1,-1,3,5,7,-1,9,-1,-1,-1,-1],"loss_changes":[1.17989855E1,0E0,2.3658592E1,2.0852833E0,5.906615E-1,0E0,7.4470496E-1,0E0,0E0,0E0,0E0],"parents":[2147483647,0,0,2,2,3,3,4,4,6,6],"right_children":[2,-1,4,6,8,-1,10,-1,-1,-1,-1],"split_conditions":[3E0,-1.9161221E-1,1.8E0,5E0,4.9E0,2.872154E-1,1.6E0,1.1982666E-2,-1.9113852E-1,-1.1965539E-1,1.21238194E-1],"split_indices":[2,0,3,2,2,0,3,0,0,0,0],"split_type":[0,0,0,0,0,0,0,0,0,0,0],"sum_hessian":[6.339404E1,1.9056194E1,4.4337845E1,2.6525667E1,1.7812176E1,2.3902561E1,2.6231065E0,1.2674859E0,1.654469E1,1.2616454E0,1.3614612E0],"tree_param":{"num_deleted":"0","num_feature":"4","num_nodes":"11","size_leaf_vector":"1"}},{"base_weights":[2.5044852E-3,-6.302032E-1,8.4499955E-1,-1.958218E-1,-2.693671E-3,1.4689633E-1,9.569209E-1,-1.0741262E-1,3.8590077E-1,7.71064E-2,2.9754013E-1,2.0987163E-1,-2.6571559E-2],"categories":[],"categories_nodes":[],"categories_segments":[],"categories_sizes":[],"default_left":[0,0,0,0,0,0,0,0,0,0,0,0,0],"id":5,"left_children":[1,3,5,-1,-1,7,9,-1,11,-1,-1,-1,-1],"loss_changes":[3.4813507E1,5.163517E-1,2.0479069E0,0E0,0E0,7.477917E-1,3.2995796E-1,0E0,6.4386195E-1,0E0,0E0,0E0,0E0],"parents":[2147483647,0,0,1,1,2,2,5,5,6,6,8,8],"right_children":[2,4,6,-1,-1,8,10,-1,12,-1,-1,-1,-1],"split_conditions":[4.8E0,1.6E0,1.8E0,-1.958218E-1,-2.693671E-3,5E0,4.9E0,-1.0741262E-1,1.6E0,7.71064E-2,2.9754013E-1,2.0987163E-1,-2.6571559E-2],"split_indices":[2,3,3,0,0,2,2,0,3,0,0,0,0],"split_type":[0,0,0,0,0,0,0,0,0,0,0,0,0],"sum_hessian":[6.331064E1,3.6300903E1,2.7009733E1,3.4981163E1,1.3197403E0,4.0514607E0,2.2958273E1,1.1415924E0,2.9098682E0,1.4870764E0,2.1471197E1,1.4661707E0,1.4436977E0],"tree_param":{"num_deleted":"0","num_feature":"4","num_nodes":"13","size_leaf_vector":"1"}},{"base_weights":[-4.3828203E-3,2.3630679E-1,-1.813366E-1],"categories":[],"categories_nodes":[],"categories_segments":[],"categories_sizes":[],"default_left":[0,0,0],"id":6,"left_children":[1,-1,-1],"loss_changes":[2.7352558E1,0E0,0E0],"parents":[2147483647,0,0],"right_children":[2,-1,-1],"split_conditions":[3E0,2.3630679E-1,-1.813366E-1],"split_indices":[2,0,0],"split_type":[0,0,0],"sum_hessian":[5.5546177E1,2.3807955E1,3.1738222E1],"tree_param":{"num_deleted":"0","num_feature":"4","num_nodes":"3","size_leaf_vector":"1"}},{"base_weights":[-1.0701071E-3,-1.7550403E-1,2.3461986E-1,6.879058E-1,-5.3110415E-1,7.498377E-1,-3.715564E-2,1.0061415E-2,-1.7470442E-1,7.849173E-2,7.7924967E-1,6.684185E-2,2.4105743E-1],"categories":[],"categories_nodes":[],"categories_segments":[],"categories_sizes":[],"default_left":[0,0,0,0,0,0,0,0,0,0,0,0,0],"id":7,"left_children":[1,-1,3,5,7,9,-1,-1,-1,-1,11,-1,-1],"loss_changes":[8.0289755E0,0E0,1.479241E1,1.427392E0,4.8307228E-1,1.5229511E-1,0E0,0E0,0E0,0E0,1.301651E-1,0E0,0E0],"parents":[2147483647,0,0,2,2,3,3,4,4,5,5,10,10],"right_children":[2,-1,4,6,8,10,-1,-1,-1,-1,12,-1,-1],"split_conditions":[3E0,-1.7550403E-1,1.8E0,5.1E0,4.9E0,5.1E0,-3.715564E-2,1.0061415E-2,-1.7470442E-1,7.849173E-2,2.3E0,6.684185E-2,2.4105743E-1],"split_indices":[2,0,3,2,2,0,0,0,0,0,1,0,0],"split_type":[0,0,0,0,0,0,0,0,0,0,0,0,0],"sum_hessian":[5.634029E1,1.5774759E1,4.056553E1,2.5545172E1,1.5020359E1,2.3805264E1,1.7399087E0,1.2784963E0,1.3741862E1,1.9149753E0,2.1890287E1,1.340527E0,2.054976E1],"tree_param":{"num_deleted":"0","num_feature":"4","num_nodes":"13","size_leaf_vector":"1"}},{"base_weights":[5.405538E-3,-5.743428E-1,6.7432785E-1,-1.8016554E-1,7.2648847E-3,1.2682354E-1,7.620653E-1,-5.7822764E-2,1.2233818E-1,6.301815E-2,2.372044E-1],"categories":[],"categories_nodes":[],"categories_segments":[],"categories_sizes":[],"default_left":[0,0,0,0,0,0,0,0,0,0,0],"id":8,"left_children":[1,3,5,-1,-1,7,9,-1,-1,-1,-1],"loss_changes":[2.2569506E1,5.0371647E-1,1.2011633E0,0E0,0E0,5.21361E-1,1.9857788E-1,0E0,0E0,0E0,0E0],"parents":[2147483647,0,0,1,1,2,2,5,5,6,6],"right_children":[2,4,6,-1,-1,8,10,-1,-1,-1,-1],"split_conditions":[4.8E0,1.6E0,1.8E0,-1.8016554E-1,7.2648847E-3,5.1E0,4.9E0,-5.7822764E-2,1.2233818E-1,6.301815E-2,2.372044E-1],"split_indices":[2,3,3,0,0,2,2,0,0,0,0],"split_type":[0,0,0,0,0,0,0,0,0,0,0],"sum_hessian":[5.619916E1,3.018206E1,2.6017101E1,2.8912733E1,1.2693264E0,3.931157E0,2.2085943E1,1.9861685E0,1.9449885E0,1.4995812E0,2.0586363E1],"tree_param":{"num_deleted":"0","num_feature":"4","num_nodes":"11","size_leaf_vector":"1"}},{"base_weights":[-7.5880764E-3,2.0385234E-1,-1.7049491E-1],"categories":[],"categories_nodes":[],"categories_segments":[],"categories_sizes":[],"default_left":[0,0,0],"id":9,"left_children":[1,-1,-1],"loss_changes":[1.87806E1,0E0,0E0],"parents":[2147483647,0,0],"right_children":[2,-1,-1],